{
  "600.0": {
    "exp+1": 5.995785713195801,
    "exp+2": 8.24871826171875,
    "exp-1": 2.9769997596740723,
    "exp-2": 2.21649169921875,
    "exp0": 4.203125,
    "obs": 4.51516244616906
  }
}