{
  "600.0": {
    "exp+1": 38.1929931640625,
    "exp+2": 52.89509201049805,
    "exp-1": 18.922210693359375,
    "exp-2": 14.14453125,
    "exp0": 26.625,
    "obs": 20.009629292213475
  }
}