{
  "600.0": {
    "exp+1": 3.387953042984009,
    "exp+2": 4.690939426422119,
    "exp-1": 1.6821708679199219,
    "exp-2": 1.25244140625,
    "exp0": 2.375,
    "obs": 2.0127482905398866
  }
}