{
  "600.0": {
    "exp+1": 0.9251940250396729,
    "exp+2": 1.266450047492981,
    "exp-1": 0.46066027879714966,
    "exp-2": 0.34297943115234375,
    "exp0": 0.650390625,
    "obs": 0.7278837991116814
  }
}