{
  "600.0": {
    "exp+1": 2.202148914337158,
    "exp+2": 3.0402162075042725,
    "exp-1": 1.0836231708526611,
    "exp-2": 0.803558349609375,
    "exp0": 1.53515625,
    "obs": 1.3427459674709437
  }
}