{
  "600.0": {
    "exp+1": 1.8285796642303467,
    "exp+2": 2.5066089630126953,
    "exp-1": 0.9161281585693359,
    "exp-2": 0.684814453125,
    "exp0": 1.2890625,
    "obs": 1.4326319127165776
  }
}