{
  "600.0": {
    "exp+1": 92.80320739746094,
    "exp+2": 128.30743408203125,
    "exp-1": 46.18938446044922,
    "exp-2": 34.21142578125,
    "exp0": 64.875,
    "obs": 72.55305975928897
  }
}