{
  "600.0": {
    "exp+1": 19.168682098388672,
    "exp+2": 26.540842056274414,
    "exp-1": 9.517545700073242,
    "exp-2": 7.086181640625,
    "exp0": 13.4375,
    "obs": 14.502266266623678
  }
}