{
  "600.0": {
    "exp+1": 12.025078773498535,
    "exp+2": 16.625577926635742,
    "exp-1": 5.9539995193481445,
    "exp-2": 4.4329833984375,
    "exp0": 8.40625,
    "obs": 6.513668716482986
  }
}