{
  "600.0": {
    "exp+1": 1.4456855058670044,
    "exp+2": 1.995867133140564,
    "exp-1": 0.7138159275054932,
    "exp-2": 0.531463623046875,
    "exp0": 1.0078125,
    "obs": 1.2541850950983604
  }
}