{
  "600.0": {
    "exp+1": 3.7197797298431396,
    "exp+2": 5.160355567932129,
    "exp-1": 1.8253397941589355,
    "exp-2": 1.35357666015625,
    "exp0": 2.5859375,
    "obs": 3.2877231674049807
  }
}