{
  "500.0": {
    "exp+1": 62.54948425292969,
    "exp+2": 88.00181579589844,
    "exp-1": 30.336742401123047,
    "exp-2": 22.40478515625,
    "exp0": 43.125,
    "obs": 30.225130510291805
  }
}