{
  "700.0": {
    "exp+1": 4.31382942199707,
    "exp+2": 5.964194297790527,
    "exp-1": 2.1286439895629883,
    "exp-2": 1.5784912109375,
    "exp0": 3.015625,
    "obs": 3.6806376409038957
  }
}