{
  "1200.0": {
    "exp+1": 12.736525535583496,
    "exp+2": 17.810102462768555,
    "exp-1": 6.177264213562012,
    "exp-2": 4.5621337890625,
    "exp0": 8.78125,
    "obs": 9.43007811803176
  }
}