{
  "1600.0": {
    "exp+1": 57.87833786010742,
    "exp+2": 80.4261245727539,
    "exp-1": 28.226360321044922,
    "exp-2": 20.84619140625,
    "exp0": 40.125,
    "obs": 47.421060799349206
  }
}