{
  "600.0": {
    "exp+1": 8.62765884399414,
    "exp+2": 11.928388595581055,
    "exp-1": 4.271828651428223,
    "exp-2": 3.1805419921875,
    "exp0": 6.03125,
    "obs": 5.148307062854398
  }
}