{
  "900.0": {
    "exp+1": 6.874179363250732,
    "exp+2": 9.641434669494629,
    "exp-1": 3.3524298667907715,
    "exp-2": 2.47589111328125,
    "exp0": 4.765625,
    "obs": 4.943072894761159
  }
}