{
  "800.0": {
    "exp+1": 5.416718482971191,
    "exp+2": 7.514475345611572,
    "exp-1": 2.658047676086426,
    "exp-2": 1.9710693359375,
    "exp0": 3.765625,
    "obs": 4.442969503916106
  }
}