{
  "200.0": {
    "exp+1": 11.86733341217041,
    "exp+2": 16.5665283203125,
    "exp-1": 5.8234405517578125,
    "exp-2": 4.318359375,
    "exp0": 8.25,
    "obs": 12.958324879346774
  }
}