{
  "500.0": {
    "exp+1": 16.496503829956055,
    "exp+2": 22.918867111206055,
    "exp-1": 8.145248413085938,
    "exp-2": 6.064453125,
    "exp0": 11.5,
    "obs": 7.827478701769211
  }
}