{
  "600.0": {
    "exp+1": 3.020181894302368,
    "exp+2": 4.155023574829102,
    "exp-1": 1.5046710968017578,
    "exp-2": 1.124755859375,
    "exp0": 2.1171875,
    "obs": 2.3765535113551097
  }
}