{
  "600.0": {
    "exp+1": 3.711146116256714,
    "exp+2": 5.105619430541992,
    "exp-1": 1.852247714996338,
    "exp-2": 1.371917724609375,
    "exp0": 2.6015625,
    "obs": 2.907019874568356
  }
}