{
  "600.0": {
    "exp+1": 1.821115493774414,
    "exp+2": 2.514173746109009,
    "exp-1": 0.8961260318756104,
    "exp-2": 0.664520263671875,
    "exp0": 1.26953125,
    "obs": 1.514540699117178
  }
}