{
  "900.0": {
    "exp+1": 2.772210121154785,
    "exp+2": 3.8641855716705322,
    "exp-1": 1.3494415283203125,
    "exp-2": 1.0059814453125,
    "exp0": 1.921875,
    "obs": 2.2652705021112647
  }
}