{
  "700.0": {
    "exp+1": 27.72772216796875,
    "exp+2": 38.146488189697266,
    "exp-1": 13.767240524291992,
    "exp-2": 10.250244140625,
    "exp0": 19.4375,
    "obs": 15.640369759992458
  }
}