{
  "600.0": {
    "exp+1": 3.944540023803711,
    "exp+2": 5.489323616027832,
    "exp-1": 1.9356322288513184,
    "exp-2": 1.43536376953125,
    "exp0": 2.7421875,
    "obs": 3.4762815215190654
  }
}