{
  "1200.0": {
    "exp+1": 10.37958812713623,
    "exp+2": 14.5142822265625,
    "exp-1": 4.98980712890625,
    "exp-2": 3.68994140625,
    "exp0": 7.15625,
    "obs": 8.021045200218651
  }
}