{
  "800.0": {
    "exp+1": 2.0283141136169434,
    "exp+2": 2.7994251251220703,
    "exp-1": 1.0070891380310059,
    "exp-2": 0.74981689453125,
    "exp0": 1.421875,
    "obs": 1.5961211118339422
  }
}