{
  "900.0": {
    "exp+1": 3.437089681625366,
    "exp+2": 4.805839538574219,
    "exp-1": 1.6762149333953857,
    "exp-2": 1.237945556640625,
    "exp0": 2.3828125,
    "obs": 2.7075667685863123
  }
}