{
  "200.0": {
    "exp+1": 18.685684204101562,
    "exp+2": 26.526506423950195,
    "exp-1": 8.964996337890625,
    "exp-2": 6.656494140625,
    "exp0": 12.8125,
    "obs": 23.401267378317744
  }
}