{
  "600.0": {
    "exp+1": 1.1256028413772583,
    "exp+2": 1.5385994911193848,
    "exp-1": 0.5607814788818359,
    "exp-2": 0.419189453125,
    "exp0": 0.7890625,
    "obs": 0.9260886960884062
  }
}