{
  "600.0": {
    "exp+1": 2.886446952819824,
    "exp+2": 3.9710373878479004,
    "exp-1": 1.4331653118133545,
    "exp-2": 1.067047119140625,
    "exp0": 2.0234375,
    "obs": 1.6786904927665267
  }
}