{
  "200.0": {
    "exp+1": 13.307853698730469,
    "exp+2": 18.892047882080078,
    "exp-1": 6.38482666015625,
    "exp-2": 4.74072265625,
    "exp0": 9.125,
    "obs": 16.380087712079803
  }
}