{
  "400.0": {
    "exp+1": 2.5959792137145996,
    "exp+2": 3.6239280700683594,
    "exp-1": 1.2738776206970215,
    "exp-2": 0.94464111328125,
    "exp0": 1.8046875,
    "obs": 2.1150719755733123
  }
}