{
  "600.0": {
    "exp+1": 4.3818840980529785,
    "exp+2": 6.08782434463501,
    "exp-1": 2.156217098236084,
    "exp-2": 1.59893798828125,
    "exp0": 3.0546875,
    "obs": 3.8959493950248505
  }
}