{
  "900.0": {
    "exp+1": 2.0735230445861816,
    "exp+2": 2.8902852535247803,
    "exp-1": 1.0112247467041016,
    "exp-2": 0.746826171875,
    "exp0": 1.4375,
    "obs": 1.6755798142824332
  }
}