{
  "1600.0": {
    "exp+1": 37.348388671875,
    "exp+2": 52.54601287841797,
    "exp-1": 18.052032470703125,
    "exp-2": 13.27734375,
    "exp0": 25.75,
    "obs": 37.4516736474874
  }
}