{
  "800.0": {
    "exp+1": 59.36544418334961,
    "exp+2": 81.55509185791016,
    "exp-1": 29.393722534179688,
    "exp-2": 21.884765625,
    "exp0": 41.5,
    "obs": 34.147247819621526
  }
}