{
  "600.0": {
    "exp+1": 1.9054608345031738,
    "exp+2": 2.6344432830810547,
    "exp-1": 0.9402430057525635,
    "exp-2": 0.697235107421875,
    "exp0": 1.33203125,
    "obs": 1.635879089071737
  }
}