{
  "600.0": {
    "exp+1": 3.443675994873047,
    "exp+2": 4.737646579742432,
    "exp-1": 1.7098381519317627,
    "exp-2": 1.273040771484375,
    "exp0": 2.4140625,
    "obs": 2.814235386271526
  }
}