{
  "600.0": {
    "exp+1": 1.8771498203277588,
    "exp+2": 2.6079554557800293,
    "exp-1": 0.923699140548706,
    "exp-2": 0.684967041015625,
    "exp0": 1.30859375,
    "obs": 1.7066025157247218
  }
}