{
  "300.0": {
    "exp+1": 14.88157844543457,
    "exp+2": 22.02621078491211,
    "exp-1": 6.8347320556640625,
    "exp-2": 4.9918212890625,
    "exp0": 9.90625,
    "obs": 19.851459052436695
  }
}