{
  "600.0": {
    "exp+1": 6.794839859008789,
    "exp+2": 9.394378662109375,
    "exp-1": 3.3528900146484375,
    "exp-2": 2.486328125,
    "exp0": 4.75,
    "obs": 5.769237852628807
  }
}