{
  "600.0": {
    "exp+1": 2.213355779647827,
    "exp+2": 3.05568790435791,
    "exp-1": 1.0891377925872803,
    "exp-2": 0.807647705078125,
    "exp0": 1.54296875,
    "obs": 1.9398015002562208
  }
}