{
  "900.0": {
    "exp+1": 3.675851583480835,
    "exp+2": 5.07476282119751,
    "exp-1": 1.8087959289550781,
    "exp-2": 1.34130859375,
    "exp0": 2.5625,
    "obs": 2.9126229763446743
  }
}