{
  "600.0": {
    "exp+1": 2.7680954933166504,
    "exp+2": 3.8457610607147217,
    "exp-1": 1.3621115684509277,
    "exp-2": 1.01007080078125,
    "exp0": 1.9296875,
    "obs": 1.6951460830381926
  }
}