{
  "600.0": {
    "exp+1": 22.51017189025879,
    "exp+2": 31.52431297302246,
    "exp-1": 10.947607040405273,
    "exp-2": 8.085205078125,
    "exp0": 15.5625,
    "obs": 20.052147258869773
  }
}