{
  "600.0": {
    "exp+1": 1.5003145933151245,
    "exp+2": 2.0537028312683105,
    "exp-1": 0.7470166683197021,
    "exp-2": 0.556182861328125,
    "exp0": 1.0546875,
    "obs": 1.1408209335032984
  }
}