{
  "600.0": {
    "exp+1": 2.0448732376098633,
    "exp+2": 2.7991209030151367,
    "exp-1": 1.0216217041015625,
    "exp-2": 0.763671875,
    "exp0": 1.4375,
    "obs": 1.6472616748000124
  }
}