{
  "1600.0": {
    "exp+1": 108.41910552978516,
    "exp+2": 152.53648376464844,
    "exp-1": 52.58368682861328,
    "exp-2": 38.8349609375,
    "exp0": 74.75,
    "obs": 81.73579020618817
  }
}