{
  "300.0": {
    "exp+1": 5.0355448722839355,
    "exp+2": 7.26012659072876,
    "exp-1": 2.3667449951171875,
    "exp-2": 1.7430419921875,
    "exp0": 3.40625,
    "obs": 9.015155805557054
  }
}