{
  "600.0": {
    "exp+1": 2.1171107292175293,
    "exp+2": 2.898003101348877,
    "exp-1": 1.0577116012573242,
    "exp-2": 0.7906494140625,
    "exp0": 1.48828125,
    "obs": 1.640796809995615
  }
}