{
  "800.0": {
    "exp+1": 5.11619234085083,
    "exp+2": 7.13146448135376,
    "exp-1": 2.50363826751709,
    "exp-2": 1.8565673828125,
    "exp0": 3.546875,
    "obs": 3.520032055756319
  }
}