{
  "600.0": {
    "exp+1": 5.651973247528076,
    "exp+2": 7.747700214385986,
    "exp-1": 2.8220629692077637,
    "exp-2": 2.10113525390625,
    "exp0": 3.984375,
    "obs": 4.4624396817908245
  }
}