{
  "700.0": {
    "exp+1": 6.530725479125977,
    "exp+2": 8.926923751831055,
    "exp-1": 3.242605686187744,
    "exp-2": 2.41424560546875,
    "exp0": 4.578125,
    "obs": 5.1853474984287695
  }
}