{
  "800.0": {
    "exp+1": 1.3672374486923218,
    "exp+2": 1.8815834522247314,
    "exp-1": 0.6763324737548828,
    "exp-2": 0.4989013671875,
    "exp0": 0.953125,
    "obs": 1.0787949761913995
  }
}