{
  "600.0": {
    "exp+1": 4.680724620819092,
    "exp+2": 6.398136615753174,
    "exp-1": 2.324051856994629,
    "exp-2": 1.7303466796875,
    "exp0": 3.28125,
    "obs": 3.713582810753654
  }
}