{
  "600.0": {
    "exp+1": 14.789215087890625,
    "exp+2": 20.516700744628906,
    "exp-1": 7.257242202758789,
    "exp-2": 5.381591796875,
    "exp0": 10.28125,
    "obs": 12.242992757266892
  }
}