{
  "600.0": {
    "exp+1": 14.403020858764648,
    "exp+2": 19.715547561645508,
    "exp-1": 7.171360015869141,
    "exp-2": 5.33935546875,
    "exp0": 10.125,
    "obs": 11.210742981409782
  }
}