{
  "600.0": {
    "exp+1": 12.04697036743164,
    "exp+2": 16.4904727935791,
    "exp-1": 5.99826717376709,
    "exp-2": 4.4659423828125,
    "exp0": 8.46875,
    "obs": 8.935956859208112
  }
}