{
  "300.0": {
    "exp+1": 20.476165771484375,
    "exp+2": 30.86949348449707,
    "exp-1": 8.94839859008789,
    "exp-2": 6.500244140625,
    "exp0": 13.3125,
    "obs": 11.063378536581151
  }
}