{
  "700.0": {
    "exp+1": 3.8327476978302,
    "exp+2": 5.324900150299072,
    "exp-1": 1.886000633239746,
    "exp-2": 1.3985595703125,
    "exp0": 2.671875,
    "obs": 2.4772353910786906
  }
}