{
  "200.0": {
    "exp+1": 30.549531936645508,
    "exp+2": 42.98059844970703,
    "exp-1": 14.816640853881836,
    "exp-2": 10.942626953125,
    "exp0": 21.0625,
    "obs": 16.75372261242706
  }
}