{
  "700.0": {
    "exp+1": 2.7793023586273193,
    "exp+2": 3.8370158672332764,
    "exp-1": 1.3676261901855469,
    "exp-2": 1.01416015625,
    "exp0": 1.9375,
    "obs": 2.3292058363420343
  }
}