{
  "500.0": {
    "exp+1": 1.3930728435516357,
    "exp+2": 1.916523814201355,
    "exp-1": 0.6916821002960205,
    "exp-2": 0.514984130859375,
    "exp0": 0.9765625,
    "obs": 1.1033975337678124
  }
}