{
  "600.0": {
    "exp+1": 2.846543550491333,
    "exp+2": 3.92984676361084,
    "exp-1": 1.4007139205932617,
    "exp-2": 1.0386962890625,
    "exp0": 1.984375,
    "obs": 1.778373685869839
  }
}