{
  "600.0": {
    "exp+1": 2.4991307258605957,
    "exp+2": 3.4502198696136475,
    "exp-1": 1.2339608669281006,
    "exp-2": 0.918731689453125,
    "exp0": 1.7421875,
    "obs": 1.553630583711418
  }
}