{
  "300.0": {
    "exp+1": 11.472201347351074,
    "exp+2": 16.471776962280273,
    "exp-1": 5.4066009521484375,
    "exp-2": 3.9818115234375,
    "exp0": 7.78125,
    "obs": 10.29559615581546
  }
}