{
  "1600.0": {
    "exp+1": 65.25875091552734,
    "exp+2": 92.22381591796875,
    "exp-1": 31.176761627197266,
    "exp-2": 22.83544921875,
    "exp0": 44.625,
    "obs": 57.43104024140813
  }
}