{
  "600.0": {
    "exp+1": 2.5592408180236816,
    "exp+2": 3.5383431911468506,
    "exp-1": 1.2628483772277832,
    "exp-2": 0.93646240234375,
    "exp0": 1.7890625,
    "obs": 1.5741050150398508
  }
}