{
  "400.0": {
    "exp+1": 5.364113807678223,
    "exp+2": 7.546699047088623,
    "exp-1": 2.615994453430176,
    "exp-2": 1.9320068359375,
    "exp0": 3.71875,
    "obs": 3.0306895920943027
  }
}