{
  "1200.0": {
    "exp+1": 16.36258316040039,
    "exp+2": 22.88059425354004,
    "exp-1": 7.935915946960449,
    "exp-2": 5.8609619140625,
    "exp0": 11.28125,
    "obs": 12.12823082206945
  }
}