{
  "1600.0": {
    "exp+1": 98.71800231933594,
    "exp+2": 138.6773681640625,
    "exp-1": 47.49261474609375,
    "exp-2": 35.26318359375,
    "exp0": 67.875,
    "obs": 68.0042018392534
  }
}