{
  "600.0": {
    "exp+1": 3.4659652709960938,
    "exp+2": 4.768311023712158,
    "exp-1": 1.720905065536499,
    "exp-2": 1.281280517578125,
    "exp0": 2.4296875,
    "obs": 2.739730293586141
  }
}