{
  "1000.0": {
    "exp+1": 7.592057228088379,
    "exp+2": 10.616341590881348,
    "exp-1": 3.6821770668029785,
    "exp-2": 2.71942138671875,
    "exp0": 5.234375,
    "obs": 5.5485072338902395
  }
}