{
  "600.0": {
    "exp+1": 1.3132526874542236,
    "exp+2": 1.8002010583877563,
    "exp-1": 0.6557146310806274,
    "exp-2": 0.4882049560546875,
    "exp0": 0.92578125,
    "obs": 1.0625465796152689
  }
}