{
  "900.0": {
    "exp+1": 9.961925506591797,
    "exp+2": 13.885934829711914,
    "exp-1": 4.858275413513184,
    "exp-2": 3.5880126953125,
    "exp0": 6.90625,
    "obs": 7.015478186819385
  }
}