{
  "600.0": {
    "exp+1": 1.8043051958084106,
    "exp+2": 2.4909658432006836,
    "exp-1": 0.8878540992736816,
    "exp-2": 0.65838623046875,
    "exp0": 1.2578125,
    "obs": 1.0997570920947015
  }
}