{
  "400.0": {
    "exp+1": 13.665414810180664,
    "exp+2": 19.076608657836914,
    "exp-1": 6.705780029296875,
    "exp-2": 4.97265625,
    "exp0": 9.5,
    "obs": 12.335099039537866
  }
}