{
  "600.0": {
    "exp+1": 1.191347360610962,
    "exp+2": 1.6330937147140503,
    "exp-1": 0.5948466062545776,
    "exp-2": 0.4428863525390625,
    "exp0": 0.83984375,
    "obs": 0.9379249635852211
  }
}