{
  "1200.0": {
    "exp+1": 14.193161010742188,
    "exp+2": 19.87677574157715,
    "exp-1": 6.902708053588867,
    "exp-2": 5.097900390625,
    "exp0": 9.8125,
    "obs": 10.562575623985783
  }
}