{
  "600.0": {
    "exp+1": 383.37200927734375,
    "exp+2": 530.0407104492188,
    "exp-1": 189.8197021484375,
    "exp-2": 141.328125,
    "exp0": 268.0,
    "obs": 321.9002382451878
  }
}