{
  "900.0": {
    "exp+1": 2.816282272338867,
    "exp+2": 3.8937225341796875,
    "exp-1": 1.3896846771240234,
    "exp-2": 1.030517578125,
    "exp0": 1.96875,
    "obs": 2.23138463756101
  }
}