{
  "600.0": {
    "exp+1": 7.266267776489258,
    "exp+2": 10.060831069946289,
    "exp-1": 3.607813835144043,
    "exp-2": 2.6861572265625,
    "exp0": 5.09375,
    "obs": 4.156409589549089
  }
}