{
  "800.0": {
    "exp+1": 2.4835991859436035,
    "exp+2": 3.467047929763794,
    "exp-1": 1.214568853378296,
    "exp-2": 0.897003173828125,
    "exp0": 1.7265625,
    "obs": 1.9791699235876221
  }
}