{
  "700.0": {
    "exp+1": 6.2086029052734375,
    "exp+2": 8.625715255737305,
    "exp-1": 3.055100440979004,
    "exp-2": 2.2655029296875,
    "exp0": 4.328125,
    "obs": 3.9703517066482257
  }
}