{
  "600.0": {
    "exp+1": 2.5439581871032715,
    "exp+2": 3.5121071338653564,
    "exp-1": 1.251819133758545,
    "exp-2": 0.92828369140625,
    "exp0": 1.7734375,
    "obs": 2.157256211877825
  }
}