{
  "800.0": {
    "exp+1": 4.357532024383545,
    "exp+2": 5.975623607635498,
    "exp-1": 2.163581609725952,
    "exp-2": 1.610870361328125,
    "exp0": 3.0546875,
    "obs": 3.4268521387680293
  }
}