{
  "500.0": {
    "exp+1": 10.135412216186523,
    "exp+2": 14.324424743652344,
    "exp-1": 4.9022417068481445,
    "exp-2": 3.6204833984375,
    "exp0": 6.96875,
    "obs": 10.319770820803264
  }
}