{
  "600.0": {
    "exp+1": 5.670673370361328,
    "exp+2": 7.878360748291016,
    "exp-1": 2.790398597717285,
    "exp-2": 2.0692138671875,
    "exp0": 3.953125,
    "obs": 5.045871004155116
  }
}