{
  "600.0": {
    "exp+1": 1.5558818578720093,
    "exp+2": 2.1297659873962402,
    "exp-1": 0.774683952331543,
    "exp-2": 0.5767822265625,
    "exp0": 1.09375,
    "obs": 1.2388839495977106
  }
}