{
  "700.0": {
    "exp+1": 2.2115747928619385,
    "exp+2": 3.0273101329803467,
    "exp-1": 1.1049060821533203,
    "exp-2": 0.825927734375,
    "exp0": 1.5546875,
    "obs": 1.7257007547501493
  }
}