{
  "400.0": {
    "exp+1": 93.72129821777344,
    "exp+2": 139.98680114746094,
    "exp-1": 41.56730651855469,
    "exp-2": 30.146484375,
    "exp0": 61.25,
    "obs": 44.912906398938105
  }
}