{
  "600.0": {
    "exp+1": 1.3669533729553223,
    "exp+2": 1.8711515665054321,
    "exp-1": 0.6829319000244141,
    "exp-2": 0.510498046875,
    "exp0": 0.9609375,
    "obs": 1.0677512542208345
  }
}