{
  "600.0": {
    "exp+1": 2.249706983566284,
    "exp+2": 3.0637876987457275,
    "exp-1": 1.1232917308807373,
    "exp-2": 0.836334228515625,
    "exp0": 1.5859375,
    "obs": 1.7308884952550732
  }
}