{
  "400.0": {
    "exp+1": 1.3994314670562744,
    "exp+2": 1.9748754501342773,
    "exp-1": 0.6764035224914551,
    "exp-2": 0.49749755859375,
    "exp0": 0.96484375,
    "obs": 1.2639041825782549
  }
}