{
  "600.0": {
    "exp+1": 2.1124939918518066,
    "exp+2": 2.9164414405822754,
    "exp-1": 1.039506196975708,
    "exp-2": 0.770843505859375,
    "exp0": 1.47265625,
    "obs": 1.3005630457842567
  }
}