{
  "600.0": {
    "exp+1": 10.66893482208252,
    "exp+2": 14.7291898727417,
    "exp-1": 5.267850875854492,
    "exp-2": 3.922119140625,
    "exp0": 7.4375,
    "obs": 6.762351691995152
  }
}