{
  "1000.0": {
    "exp+1": 2.45430326461792,
    "exp+2": 3.409804344177246,
    "exp-1": 1.2077021598815918,
    "exp-2": 0.89556884765625,
    "exp0": 1.7109375,
    "obs": 1.9522671644722394
  }
}