{
  "600.0": {
    "exp+1": 1.6474090814590454,
    "exp+2": 2.274360179901123,
    "exp-1": 0.8106493949890137,
    "exp-2": 0.60113525390625,
    "exp0": 1.1484375,
    "obs": 1.4056932361311334
  }
}