{
  "600.0": {
    "exp+1": 2.4852418899536133,
    "exp+2": 3.4410510063171387,
    "exp-1": 1.2297606468200684,
    "exp-2": 0.91192626953125,
    "exp0": 1.7421875,
    "obs": 2.166988719924235
  }
}