{
  "600.0": {
    "exp+1": 6.343085289001465,
    "exp+2": 8.784807205200195,
    "exp-1": 3.131936550140381,
    "exp-2": 2.33184814453125,
    "exp0": 4.421875,
    "obs": 3.6760263701652094
  }
}