{
  "1600.0": {
    "exp+1": 71.09675598144531,
    "exp+2": 100.32743072509766,
    "exp-1": 34.05864715576172,
    "exp-2": 24.9462890625,
    "exp0": 48.75,
    "obs": 56.254737697640856
  }
}