{
  "700.0": {
    "exp+1": 1.8043051958084106,
    "exp+2": 2.4988584518432617,
    "exp-1": 0.8878540992736816,
    "exp-2": 0.65838623046875,
    "exp0": 1.2578125,
    "obs": 1.5910304355279286
  }
}