{
  "900.0": {
    "exp+1": 5.273960590362549,
    "exp+2": 7.351377487182617,
    "exp-1": 2.572028160095215,
    "exp-2": 1.8995361328125,
    "exp0": 3.65625,
    "obs": 3.7852509528830116
  }
}