{
  "800.0": {
    "exp+1": 7.7092719078063965,
    "exp+2": 10.728422164916992,
    "exp-1": 3.7630767822265625,
    "exp-2": 2.8052978515625,
    "exp0": 5.359375,
    "obs": 5.208065994046697
  }
}