{
  "200.0": {
    "exp+1": 26.560869216918945,
    "exp+2": 37.59642791748047,
    "exp-1": 12.813385009765625,
    "exp-2": 9.513916015625,
    "exp0": 18.3125,
    "obs": 15.718913056247793
  }
}