{
  "500.0": {
    "exp+1": 2.656026840209961,
    "exp+2": 3.666825532913208,
    "exp-1": 1.3114292621612549,
    "exp-2": 0.976409912109375,
    "exp0": 1.8515625,
    "obs": 1.5169001501195578
  }
}