{
  "1200.0": {
    "exp+1": 7.374116897583008,
    "exp+2": 10.244983673095703,
    "exp-1": 3.6286211013793945,
    "exp-2": 2.6907958984375,
    "exp0": 5.140625,
    "obs": 5.852301276282052
  }
}