{
  "600.0": {
    "exp+1": 4.998261451721191,
    "exp+2": 6.900439739227295,
    "exp-1": 2.4595212936401367,
    "exp-2": 1.8238525390625,
    "exp0": 3.484375,
    "obs": 4.389526746348028
  }
}