{
  "800.0": {
    "exp+1": 37.19281005859375,
    "exp+2": 51.42185974121094,
    "exp-1": 18.3526611328125,
    "exp-2": 13.609375,
    "exp0": 26.0,
    "obs": 32.58696641393817
  }
}