{
  "600.0": {
    "exp+1": 21.75422477722168,
    "exp+2": 30.120769500732422,
    "exp-1": 10.801307678222656,
    "exp-2": 8.0419921875,
    "exp0": 15.25,
    "obs": 12.79972463056332
  }
}