{
  "1000.0": {
    "exp+1": 2.9586122035980225,
    "exp+2": 4.084565162658691,
    "exp-1": 1.4558601379394531,
    "exp-2": 1.07958984375,
    "exp0": 2.0625,
    "obs": 2.3795466974572372
  }
}