{
  "500.0": {
    "exp+1": 33.816532135009766,
    "exp+2": 47.71984100341797,
    "exp-1": 16.255592346191406,
    "exp-2": 11.9560546875,
    "exp0": 23.1875,
    "obs": 36.59622126181279
  }
}