{
  "800.0": {
    "exp+1": 1.6893929243087769,
    "exp+2": 2.3586316108703613,
    "exp-1": 0.8216201066970825,
    "exp-2": 0.6067962646484375,
    "exp0": 1.16796875,
    "obs": 1.346620309145162
  }
}