{
  "300.0": {
    "exp+1": 7.550522804260254,
    "exp+2": 10.930726051330566,
    "exp-1": 3.526824951171875,
    "exp-2": 2.586669921875,
    "exp0": 5.09375,
    "obs": 5.854823749129659
  }
}