{
  "400.0": {
    "exp+1": 18.685684204101562,
    "exp+2": 26.684906005859375,
    "exp-1": 8.9337158203125,
    "exp-2": 6.6064453125,
    "exp0": 12.8125,
    "obs": 23.30908646287942
  }
}