{
  "600.0": {
    "exp+1": 7.012515544891357,
    "exp+2": 9.758797645568848,
    "exp-1": 3.4229736328125,
    "exp-2": 2.5517578125,
    "exp0": 4.875,
    "obs": 6.09483027851406
  }
}