{
  "900.0": {
    "exp+1": 16.541332244873047,
    "exp+2": 22.98114776611328,
    "exp-1": 8.139581680297852,
    "exp-2": 6.035888671875,
    "exp0": 11.53125,
    "obs": 14.071236962795815
  }
}