{
  "1000.0": {
    "exp+1": 4.079298496246338,
    "exp+2": 5.631748676300049,
    "exp-1": 2.007322311401367,
    "exp-2": 1.488525390625,
    "exp0": 2.84375,
    "obs": 3.2650833140782436
  }
}