{
  "300.0": {
    "exp+1": 4.1019768714904785,
    "exp+2": 5.7711334228515625,
    "exp-1": 1.9894747734069824,
    "exp-2": 1.46929931640625,
    "exp0": 2.828125,
    "obs": 6.086679444720481
  }
}