{
  "400.0": {
    "exp+1": 3.027585506439209,
    "exp+2": 4.291356086730957,
    "exp-1": 1.4513921737670898,
    "exp-2": 1.0675048828125,
    "exp0": 2.0703125,
    "obs": 2.79871800508085
  }
}