{
  "1600.0": {
    "exp+1": 33.53697967529297,
    "exp+2": 46.456886291503906,
    "exp-1": 16.411514282226562,
    "exp-2": 12.169921875,
    "exp0": 23.25,
    "obs": 31.022441472007507
  }
}