{
  "1200.0": {
    "exp+1": 8.929165840148926,
    "exp+2": 12.562578201293945,
    "exp-1": 4.315837860107422,
    "exp-2": 3.17431640625,
    "exp0": 6.15625,
    "obs": 6.861432757689884
  }
}