{
  "700.0": {
    "exp+1": 19.05965805053711,
    "exp+2": 26.440977096557617,
    "exp-1": 9.352798461914062,
    "exp-2": 6.935546875,
    "exp0": 13.25,
    "obs": 17.191090331561426
  }
}