{
  "400.0": {
    "exp+1": 20.732892990112305,
    "exp+2": 29.94037437438965,
    "exp-1": 9.770965576171875,
    "exp-2": 7.196044921875,
    "exp0": 14.0625,
    "obs": 11.548635972743828
  }
}