{
  "800.0": {
    "exp+1": 2.7008543014526367,
    "exp+2": 3.7050840854644775,
    "exp-1": 1.3335630893707275,
    "exp-2": 0.992889404296875,
    "exp0": 1.8828125,
    "obs": 2.1481514915222197
  }
}