{
  "600.0": {
    "exp+1": 7.3024067878723145,
    "exp+2": 10.17883014678955,
    "exp-1": 3.573474884033203,
    "exp-2": 2.64990234375,
    "exp0": 5.0625,
    "obs": 4.549899803285524
  }
}