{
  "1600.0": {
    "exp+1": 53.010066986083984,
    "exp+2": 73.8907699584961,
    "exp-1": 25.85218048095703,
    "exp-2": 19.0927734375,
    "exp0": 36.75,
    "obs": 44.84426597123426
  }
}