{
  "600.0": {
    "exp+1": 1.5689610242843628,
    "exp+2": 2.1660573482513428,
    "exp-1": 0.774683952331543,
    "exp-2": 0.5767822265625,
    "exp0": 1.09375,
    "obs": 1.3821868912874995
  }
}