{
  "800.0": {
    "exp+1": 3.2567832469940186,
    "exp+2": 4.5255351066589355,
    "exp-1": 1.5937256813049316,
    "exp-2": 1.18182373046875,
    "exp0": 2.2578125,
    "obs": 2.654299239868263
  }
}