{
  "900.0": {
    "exp+1": 13.685547828674316,
    "exp+2": 18.767431259155273,
    "exp-1": 6.7950849533081055,
    "exp-2": 5.0592041015625,
    "exp0": 9.59375,
    "obs": 11.06563976945411
  }
}