{
  "200.0": {
    "exp+1": 15.868063926696777,
    "exp+2": 22.01335906982422,
    "exp-1": 7.786645889282227,
    "exp-2": 5.774169921875,
    "exp0": 11.03125,
    "obs": 16.361012305950496
  }
}