{
  "800.0": {
    "exp+1": 31.206544876098633,
    "exp+2": 42.717018127441406,
    "exp-1": 15.590835571289062,
    "exp-2": 11.654296875,
    "exp0": 21.9375,
    "obs": 24.052253817363475
  }
}