{
  "600.0": {
    "exp+1": 1.3466746807098389,
    "exp+2": 1.8618792295455933,
    "exp-1": 0.6645119190216064,
    "exp-2": 0.492767333984375,
    "exp0": 0.94140625,
    "obs": 1.2222300662735095
  }
}