{
  "500.0": {
    "exp+1": 1.6780927181243896,
    "exp+2": 2.3428549766540527,
    "exp-1": 0.8189213275909424,
    "exp-2": 0.607269287109375,
    "exp0": 1.16015625,
    "obs": 1.5066295143643562
  }
}