{
  "600.0": {
    "exp+1": 1.0954710245132446,
    "exp+2": 1.5171641111373901,
    "exp-1": 0.539054274559021,
    "exp-2": 0.3997344970703125,
    "exp0": 0.763671875,
    "obs": 0.945869341401872
  }
}