{
  "600.0": {
    "exp+1": 4.203013896942139,
    "exp+2": 5.84902286529541,
    "exp-1": 2.0624685287475586,
    "exp-2": 1.5294189453125,
    "exp0": 2.921875,
    "obs": 3.7888793174479445
  }
}