{
  "400.0": {
    "exp+1": 1.1823241710662842,
    "exp+2": 1.6374508142471313,
    "exp-1": 0.5848612785339355,
    "exp-2": 0.431427001953125,
    "exp0": 0.82421875,
    "obs": 0.9353664894954723
  }
}