{
  "600.0": {
    "exp+1": 3.9674713611602783,
    "exp+2": 5.493337154388428,
    "exp-1": 1.963205337524414,
    "exp-2": 1.455810546875,
    "exp0": 2.78125,
    "obs": 2.440609508520299
  }
}