{
  "500.0": {
    "exp+1": 5.43855619430542,
    "exp+2": 7.5301923751831055,
    "exp-1": 2.700326919555664,
    "exp-2": 2.010498046875,
    "exp0": 3.8125,
    "obs": 3.0101341188577013
  }
}