{
  "900.0": {
    "exp+1": 25.513347625732422,
    "exp+2": 35.342201232910156,
    "exp-1": 12.485103607177734,
    "exp-2": 9.25830078125,
    "exp0": 17.6875,
    "obs": 17.067932571780766
  }
}