{
  "500.0": {
    "exp+1": 2.9168639183044434,
    "exp+2": 4.0071306228637695,
    "exp-1": 1.449148178100586,
    "exp-2": 1.083251953125,
    "exp0": 2.0390625,
    "obs": 2.1707427637584567
  }
}