{
  "700.0": {
    "exp+1": 1.179990530014038,
    "exp+2": 1.6369707584381104,
    "exp-1": 0.5790352821350098,
    "exp-2": 0.42938232421875,
    "exp0": 0.8203125,
    "obs": 1.0206221529593864
  }
}