{
  "1200.0": {
    "exp+1": 8.517216682434082,
    "exp+2": 11.833110809326172,
    "exp-1": 4.191112518310547,
    "exp-2": 3.10791015625,
    "exp0": 5.9375,
    "obs": 6.790209648318895
  }
}