{
  "1200.0": {
    "exp+1": 6.675375461578369,
    "exp+2": 9.260578155517578,
    "exp-1": 3.2756853103637695,
    "exp-2": 2.4290771484375,
    "exp0": 4.640625,
    "obs": 5.299639419554431
  }
}