{
  "400.0": {
    "exp+1": 57.8951530456543,
    "exp+2": 83.25859069824219,
    "exp-1": 27.454833984375,
    "exp-2": 20.302734375,
    "exp0": 39.375,
    "obs": 97.78113924216248
  }
}