{
  "600.0": {
    "exp+1": 1.5614385604858398,
    "exp+2": 2.1373722553253174,
    "exp-1": 0.7800970077514648,
    "exp-2": 0.5831298828125,
    "exp0": 1.09765625,
    "obs": 1.231112757345226
  }
}