{
  "1000.0": {
    "exp+1": 2.980165719985962,
    "exp+2": 4.180075168609619,
    "exp-1": 1.4404382705688477,
    "exp-2": 1.0594482421875,
    "exp0": 2.0546875,
    "obs": 2.3190285074372223
  }
}