{
  "900.0": {
    "exp+1": 5.356881141662598,
    "exp+2": 7.395538330078125,
    "exp-1": 2.6449923515319824,
    "exp-2": 1.96929931640625,
    "exp0": 3.734375,
    "obs": 4.236232271089264
  }
}