{
  "900.0": {
    "exp+1": 6.536105155944824,
    "exp+2": 9.110681533813477,
    "exp-1": 3.187556266784668,
    "exp-2": 2.3541259765625,
    "exp0": 4.53125,
    "obs": 5.211913355065886
  }
}