{
  "700.0": {
    "exp+1": 7.755150318145752,
    "exp+2": 10.774359703063965,
    "exp-1": 3.8161182403564453,
    "exp-2": 2.829833984375,
    "exp0": 5.40625,
    "obs": 6.871499972254497
  }
}