{
  "1000.0": {
    "exp+1": 5.507074356079102,
    "exp+2": 7.700809001922607,
    "exp-1": 2.670952320098877,
    "exp-2": 1.97259521484375,
    "exp0": 3.796875,
    "obs": 4.070843510270757
  }
}