{
  "500.0": {
    "exp+1": 29.488527297973633,
    "exp+2": 41.165313720703125,
    "exp-1": 14.470367431640625,
    "exp-2": 10.73046875,
    "exp0": 20.5,
    "obs": 25.447213102659333
  }
}