{
  "600.0": {
    "exp+1": 4.134200096130371,
    "exp+2": 5.659092426300049,
    "exp-1": 2.0654525756835938,
    "exp-2": 1.5439453125,
    "exp0": 2.90625,
    "obs": 3.2409869398357056
  }
}