{
  "700.0": {
    "exp+1": 15.514364242553711,
    "exp+2": 21.23680877685547,
    "exp-1": 7.724705696105957,
    "exp-2": 5.7513427734375,
    "exp0": 10.90625,
    "obs": 12.045019454919306
  }
}