{
  "800.0": {
    "exp+1": 1.3503843545913696,
    "exp+2": 1.8795130252838135,
    "exp-1": 0.6589972972869873,
    "exp-2": 0.488677978515625,
    "exp0": 0.93359375,
    "obs": 1.135408053804089
  }
}