{
  "800.0": {
    "exp+1": 1.8261759281158447,
    "exp+2": 2.533407211303711,
    "exp-1": 0.8961260318756104,
    "exp-2": 0.664520263671875,
    "exp0": 1.26953125,
    "obs": 1.5245942915030666
  }
}