{
  "400.0": {
    "exp+1": 2.3534414768218994,
    "exp+2": 3.2696754932403564,
    "exp-1": 1.1580705642700195,
    "exp-2": 0.8587646484375,
    "exp0": 1.640625,
    "obs": 1.3123708408016241
  }
}