{
  "600.0": {
    "exp+1": 2.7304227352142334,
    "exp+2": 3.780526876449585,
    "exp-1": 1.3510823249816895,
    "exp-2": 1.00189208984375,
    "exp0": 1.9140625,
    "obs": 2.356317218183031
  }
}