{
  "400.0": {
    "exp+1": 48.045257568359375,
    "exp+2": 68.00718688964844,
    "exp-1": 23.302135467529297,
    "exp-2": 17.20947265625,
    "exp0": 33.125,
    "obs": 59.643486936260295
  }
}