{
  "1000.0": {
    "exp+1": 3.6373884677886963,
    "exp+2": 5.086336612701416,
    "exp-1": 1.7641475200653076,
    "exp-2": 1.302886962890625,
    "exp0": 2.5078125,
    "obs": 2.858578058222134
  }
}