{
  "1600.0": {
    "exp+1": 76.05882263183594,
    "exp+2": 105.84542083740234,
    "exp-1": 37.322959899902344,
    "exp-2": 27.6767578125,
    "exp0": 52.875,
    "obs": 48.67283515785724
  }
}