{
  "1000.0": {
    "exp+1": 2.7609407901763916,
    "exp+2": 3.8723793029785156,
    "exp-1": 1.3392829895019531,
    "exp-2": 0.994415283203125,
    "exp0": 1.9140625,
    "obs": 2.191048377379923
  }
}