{
  "600.0": {
    "exp+1": 17.25857162475586,
    "exp+2": 23.90212631225586,
    "exp-1": 8.492517471313477,
    "exp-2": 6.297607421875,
    "exp0": 12.03125,
    "obs": 15.17308771403336
  }
}