{
  "900.0": {
    "exp+1": 4.473851203918457,
    "exp+2": 6.255469799041748,
    "exp-1": 2.1818273067474365,
    "exp-2": 1.611358642578125,
    "exp0": 3.1015625,
    "obs": 3.5333270239038073
  }
}