{
  "1200.0": {
    "exp+1": 8.113303184509277,
    "exp+2": 11.414729118347168,
    "exp-1": 3.921497344970703,
    "exp-2": 2.88427734375,
    "exp0": 5.59375,
    "obs": 6.25472151320143
  }
}