{
  "600.0": {
    "exp+1": 160.38880920410156,
    "exp+2": 223.89913940429688,
    "exp-1": 78.70468139648438,
    "exp-2": 58.36328125,
    "exp0": 111.5,
    "obs": 77.5083566026324
  }
}