{
  "600.0": {
    "exp+1": 7.621843338012695,
    "exp+2": 10.504256248474121,
    "exp-1": 3.773817539215088,
    "exp-2": 2.80975341796875,
    "exp0": 5.328125,
    "obs": 4.5373309676707105
  }
}