{
  "600.0": {
    "exp+1": 4.079139232635498,
    "exp+2": 5.639717102050781,
    "exp-1": 2.01971173286438,
    "exp-2": 1.503753662109375,
    "exp0": 2.8515625,
    "obs": 2.440602946566076
  }
}