{
  "500.0": {
    "exp+1": 3.5159738063812256,
    "exp+2": 4.900918483734131,
    "exp-1": 1.7205619812011719,
    "exp-2": 1.27587890625,
    "exp0": 2.4375,
    "obs": 3.006719891973922
  }
}