{
  "600.0": {
    "exp+1": 114.2208023071289,
    "exp+2": 160.698974609375,
    "exp-1": 55.58738708496094,
    "exp-2": 41.220703125,
    "exp0": 78.75,
    "obs": 117.63401340644096
  }
}