{
  "900.0": {
    "exp+1": 1.8988511562347412,
    "exp+2": 2.655029296875,
    "exp-1": 0.9260400533676147,
    "exp-2": 0.6839141845703125,
    "exp0": 1.31640625,
    "obs": 1.539609213943264
  }
}