{
  "800.0": {
    "exp+1": 3.7751641273498535,
    "exp+2": 5.262204170227051,
    "exp-1": 1.8376541137695312,
    "exp-2": 1.36993408203125,
    "exp0": 2.6171875,
    "obs": 2.626058376432257
  }
}