{
  "700.0": {
    "exp+1": 12.481932640075684,
    "exp+2": 17.28240966796875,
    "exp-1": 6.197471618652344,
    "exp-2": 4.6142578125,
    "exp0": 8.75,
    "obs": 7.475652997448691
  }
}