{
  "800.0": {
    "exp+1": 2.4792122840881348,
    "exp+2": 3.455775737762451,
    "exp-1": 1.2090730667114258,
    "exp-2": 0.8929443359375,
    "exp0": 1.71875,
    "obs": 1.7494995475675614
  }
}