{
  "900.0": {
    "exp+1": 2.2650983333587646,
    "exp+2": 3.1573221683502197,
    "exp-1": 1.1046531200408936,
    "exp-2": 0.815826416015625,
    "exp0": 1.5703125,
    "obs": 1.8474834726762897
  }
}