{
  "1000.0": {
    "exp+1": 4.713874340057373,
    "exp+2": 6.591639041900635,
    "exp-1": 2.2862472534179688,
    "exp-2": 1.6884765625,
    "exp0": 3.25,
    "obs": 3.441420540709026
  }
}