{
  "600.0": {
    "exp+1": 3.7542996406555176,
    "exp+2": 5.183065891265869,
    "exp-1": 1.847398281097412,
    "exp-2": 1.36993408203125,
    "exp0": 2.6171875,
    "obs": 2.3868854221020803
  }
}