{
  "600.0": {
    "exp+1": 27.10362434387207,
    "exp+2": 37.40769958496094,
    "exp-1": 13.457366943359375,
    "exp-2": 10.01953125,
    "exp0": 19.0,
    "obs": 15.873321250232326
  }
}