{
  "600.0": {
    "exp+1": 453.98236083984375,
    "exp+2": 634.8255615234375,
    "exp-1": 219.7724609375,
    "exp-2": 163.8359375,
    "exp0": 313.0,
    "obs": 456.61342712351455
  }
}