{
  "600.0": {
    "exp+1": 5.424122333526611,
    "exp+2": 7.488369464874268,
    "exp-1": 2.669076919555664,
    "exp-2": 1.979248046875,
    "exp0": 3.78125,
    "obs": 3.22038431083044
  }
}