{
  "600.0": {
    "exp+1": 733.73583984375,
    "exp+2": 1019.3914184570312,
    "exp-1": 362.2864990234375,
    "exp-2": 269.736328125,
    "exp0": 511.5,
    "obs": 387.4462670836513
  }
}