{
  "700.0": {
    "exp+1": 3.4896206855773926,
    "exp+2": 4.776760578155518,
    "exp-1": 1.7434196472167969,
    "exp-2": 1.30322265625,
    "exp0": 2.453125,
    "obs": 2.760476837681019
  }
}