{
  "500.0": {
    "exp+1": 8.515901565551758,
    "exp+2": 11.77387523651123,
    "exp-1": 4.202141761779785,
    "exp-2": 3.1160888671875,
    "exp0": 5.953125,
    "obs": 6.7929810925254595
  }
}