{
  "1000.0": {
    "exp+1": 5.031154155731201,
    "exp+2": 7.035306930541992,
    "exp-1": 2.4317665100097656,
    "exp-2": 1.78857421875,
    "exp0": 3.46875,
    "obs": 3.938509631812556
  }
}