{
  "2000.0": {
    "exp+1": 0.10587353259325027,
    "exp+2": 0.1456558108329773,
    "exp-1": 0.052388906478881836,
    "exp-2": 0.038848876953125,
    "exp0": 0.07421875,
    "obs": 0.09447879171404192
  }
}