{
  "2500.0": {
    "exp+1": 0.1352689266204834,
    "exp+2": 0.18915310502052307,
    "exp-1": 0.06560595333576202,
    "exp-2": 0.04845237731933594,
    "exp0": 0.09326171875,
    "obs": 0.10716825235152963
  }
}