{
  "200.0": {
    "exp+1": 1.2460931539535522,
    "exp+2": 1.7228176593780518,
    "exp-1": 0.6148803234100342,
    "exp-2": 0.455963134765625,
    "exp0": 0.87109375,
    "obs": 1.0510174786816908
  }
}