{
  "200.0": {
    "exp+1": 1.9385559558868408,
    "exp+2": 2.6893091201782227,
    "exp-1": 0.9512722492218018,
    "exp-2": 0.705413818359375,
    "exp0": 1.34765625,
    "obs": 1.1979440849249854
  }
}