{
  "100.0": {
    "exp+1": 1.507192850112915,
    "exp+2": 2.0593202114105225,
    "exp-1": 0.7551116943359375,
    "exp-2": 0.564453125,
    "exp0": 1.0625,
    "obs": 1.5092981680886841
  }
}