{
  "500.0": {
    "exp+1": 0.2577817142009735,
    "exp+2": 0.35932213068008423,
    "exp-1": 0.12571612000465393,
    "exp-2": 0.09284591674804688,
    "exp0": 0.1787109375,
    "obs": 0.18318232913922103
  }
}