{
  "1500.0": {
    "exp+1": 0.17678473889827728,
    "exp+2": 0.24642036855220795,
    "exp-1": 0.08621515333652496,
    "exp-2": 0.06367301940917969,
    "exp0": 0.12255859375,
    "obs": 0.1419887263718934
  }
}