{
  "1000.0": {
    "exp+1": 0.35216084122657776,
    "exp+2": 0.48935288190841675,
    "exp-1": 0.17174333333969116,
    "exp-2": 0.12683868408203125,
    "exp0": 0.244140625,
    "obs": 0.2861495335386036
  }
}