{
  "300.0": {
    "exp+1": 0.8181011080741882,
    "exp+2": 1.1330227851867676,
    "exp-1": 0.40256738662719727,
    "exp-2": 0.29852294921875,
    "exp0": 0.5703125,
    "obs": 0.7030904008396434
  }
}