{
  "1500.0": {
    "exp+1": 0.10856650024652481,
    "exp+2": 0.149883434176445,
    "exp-1": 0.0538848340511322,
    "exp-2": 0.03991127014160156,
    "exp0": 0.07568359375,
    "obs": 0.097068015815456
  }
}