{
  "2000.0": {
    "exp+1": 0.2521471679210663,
    "exp+2": 0.35146811604499817,
    "exp-1": 0.12273883819580078,
    "exp-2": 0.09149932861328125,
    "exp0": 0.1748046875,
    "obs": 0.17866894038076753
  }
}