{
  "1000.0": {
    "exp+1": 0.2006024867296219,
    "exp+2": 0.2759794294834137,
    "exp-1": 0.09926319122314453,
    "exp-2": 0.0736083984375,
    "exp0": 0.140625,
    "obs": 0.16987479326652372
  }
}