{
  "650.0": {
    "exp+1": 0.5167122483253479,
    "exp+2": 0.7059985399246216,
    "exp-1": 0.25887560844421387,
    "exp-2": 0.193511962890625,
    "exp0": 0.3642578125,
    "obs": 0.4899625456574854
  }
}