{
  "1000.0": {
    "exp+1": 0.24727043509483337,
    "exp+2": 0.34018298983573914,
    "exp-1": 0.12277357280254364,
    "exp-2": 0.09140968322753906,
    "exp0": 0.17333984375,
    "obs": 0.19690726939014488
  }
}