{
  "1000.0": {
    "exp+1": 0.1046665608882904,
    "exp+2": 0.15421052277088165,
    "exp-1": 0.034223735332489014,
    "exp-2": 0.02066802978515625,
    "exp0": 0.06298828125,
    "obs": 0.07127137360512524
  }
}