{
  "500.0": {
    "exp+1": 0.8423687219619751,
    "exp+2": 1.1668858528137207,
    "exp-1": 0.41221797466278076,
    "exp-2": 0.3056793212890625,
    "exp0": 0.583984375,
    "obs": 0.5595015701407906
  }
}