{
  "2000.0": {
    "exp+1": 0.1480167806148529,
    "exp+2": 0.20697905123233795,
    "exp-1": 0.0717887133359909,
    "exp-2": 0.05301856994628906,
    "exp0": 0.10205078125,
    "obs": 0.11705878757188425
  }
}