{
  "650.0": {
    "exp+1": 0.5544430017471313,
    "exp+2": 0.7578744888305664,
    "exp-1": 0.2762265205383301,
    "exp-2": 0.20648193359375,
    "exp0": 0.388671875,
    "obs": 0.4443504112893212
  }
}