{
  "500.0": {
    "exp+1": 1.512926697731018,
    "exp+2": 2.088698148727417,
    "exp-1": 0.744473934173584,
    "exp-2": 0.55206298828125,
    "exp0": 1.0546875,
    "obs": 0.9744826439187756
  }
}