{
  "500.0": {
    "exp+1": 0.728661298751831,
    "exp+2": 0.9988456964492798,
    "exp-1": 0.3638247847557068,
    "exp-2": 0.27088165283203125,
    "exp0": 0.513671875,
    "obs": 0.7208642069372206
  }
}