{
  "2000.0": {
    "exp+1": 0.23453910648822784,
    "exp+2": 0.32692423462867737,
    "exp-1": 0.11438106000423431,
    "exp-2": 0.08447456359863281,
    "exp0": 0.16259765625,
    "obs": 0.1680268112510389
  }
}