{
  "200.0": {
    "exp+1": 0.997407078742981,
    "exp+2": 1.3583295345306396,
    "exp-1": 0.4997062683105469,
    "exp-2": 0.37353515625,
    "exp0": 0.703125,
    "obs": 1.0303376990338187
  }
}