{
  "200.0": {
    "exp+1": 0.4551392197608948,
    "exp+2": 0.6314030289649963,
    "exp-1": 0.2233421802520752,
    "exp-2": 0.165618896484375,
    "exp0": 0.31640625,
    "obs": 0.37787291503612175
  }
}