{
  "800.0": {
    "exp+1": 0.6836187243461609,
    "exp+2": 0.9497628808021545,
    "exp-1": 0.3363919258117676,
    "exp-2": 0.24945068359375,
    "exp0": 0.4765625,
    "obs": 0.4467554621178995
  }
}