{
  "200.0": {
    "exp+1": 1.641805648803711,
    "exp+2": 2.2809879779815674,
    "exp-1": 0.8078920841217041,
    "exp-2": 0.599090576171875,
    "exp0": 1.14453125,
    "obs": 1.403999930201599
  }
}