{
  "1500.0": {
    "exp+1": 0.13480716943740845,
    "exp+2": 0.1851954609155655,
    "exp-1": 0.06674732267856598,
    "exp-2": 0.04969596862792969,
    "exp0": 0.09423828125,
    "obs": 0.11868860670486954
  }
}