{
  "1000.0": {
    "exp+1": 0.12687811255455017,
    "exp+2": 0.18940648436546326,
    "exp-1": 0.03814220428466797,
    "exp-2": 0.0217437744140625,
    "exp0": 0.07421875,
    "obs": 0.0855592308550601
  }
}