{
  "200.0": {
    "exp+1": 1.194694995880127,
    "exp+2": 1.6353559494018555,
    "exp-1": 0.5968713760375977,
    "exp-2": 0.4461669921875,
    "exp0": 0.83984375,
    "obs": 1.153462204395752
  }
}