{
  "500.0": {
    "exp+1": 0.8163406848907471,
    "exp+2": 1.1230829954147339,
    "exp-1": 0.40743887424468994,
    "exp-2": 0.30178070068359375,
    "exp0": 0.572265625,
    "obs": 0.6609742913622916
  }
}