{
  "1000.0": {
    "exp+1": 0.3000410199165344,
    "exp+2": 0.41562989354133606,
    "exp-1": 0.14682680368423462,
    "exp-2": 0.10887908935546875,
    "exp0": 0.2080078125,
    "obs": 0.24734352505042378
  }
}