{
  "1500.0": {
    "exp+1": 0.46203500032424927,
    "exp+2": 0.6400310397148132,
    "exp-1": 0.22609949111938477,
    "exp-2": 0.16766357421875,
    "exp0": 0.3203125,
    "obs": 0.3185763857865197
  }
}