{
  "2000.0": {
    "exp+1": 0.3634299635887146,
    "exp+2": 0.5065852999687195,
    "exp-1": 0.17784655094146729,
    "exp-2": 0.1318817138671875,
    "exp0": 0.251953125,
    "obs": 0.252376408582361
  }
}