{
  "1500.0": {
    "exp+1": 0.14358794689178467,
    "exp+2": 0.19823291897773743,
    "exp-1": 0.07065609097480774,
    "exp-2": 0.052394866943359375,
    "exp0": 0.10009765625,
    "obs": 0.11382059669550929
  }
}