{
  "1000.0": {
    "exp+1": 0.22953708469867706,
    "exp+2": 0.3194778859615326,
    "exp-1": 0.11163316667079926,
    "exp-2": 0.08244514465332031,
    "exp0": 0.15869140625,
    "obs": 0.16388919812355882
  }
}