{
  "1000.0": {
    "exp+1": 0.5324671864509583,
    "exp+2": 0.7375967502593994,
    "exp-1": 0.2605658769607544,
    "exp-2": 0.1932220458984375,
    "exp0": 0.369140625,
    "obs": 0.3550016615986673
  }
}