{
  "1500.0": {
    "exp+1": 0.28015846014022827,
    "exp+2": 0.4016130268573761,
    "exp-1": 0.11315488815307617,
    "exp-2": 0.0656280517578125,
    "exp0": 0.1826171875,
    "obs": 0.2260121612586014
  }
}