{
  "2000.0": {
    "exp+1": 0.1494332104921341,
    "exp+2": 0.20895971357822418,
    "exp-1": 0.07247568666934967,
    "exp-2": 0.05352592468261719,
    "exp0": 0.10302734375,
    "obs": 0.11840880382106493
  }
}