{
  "1000.0": {
    "exp+1": 0.4338621497154236,
    "exp+2": 0.6047607660293579,
    "exp-1": 0.21231293678283691,
    "exp-2": 0.157440185546875,
    "exp0": 0.30078125,
    "obs": 0.2960915075966034
  }
}