{
  "1500.0": {
    "exp+1": 0.27891138195991516,
    "exp+2": 0.3887747824192047,
    "exp-1": 0.1360207200050354,
    "exp-2": 0.10045623779296875,
    "exp0": 0.193359375,
    "obs": 0.1967051603900616
  }
}