{
  "2000.0": {
    "exp+1": 0.11944054812192917,
    "exp+2": 0.16513556241989136,
    "exp-1": 0.058937519788742065,
    "exp-2": 0.043704986572265625,
    "exp0": 0.08349609375,
    "obs": 0.09505407813498246
  }
}