{
  "2000.0": {
    "exp+1": 0.10896330326795578,
    "exp+2": 0.14969167113304138,
    "exp-1": 0.05405116081237793,
    "exp-2": 0.0398712158203125,
    "exp0": 0.076171875,
    "obs": 0.09730349345697885
  }
}