{
  "2000.0": {
    "exp+1": 0.22538292407989502,
    "exp+2": 0.31611260771751404,
    "exp-1": 0.10991573333740234,
    "exp-2": 0.0811767578125,
    "exp0": 0.15625,
    "obs": 0.1617612337335616
  }
}