{
  "1500.0": {
    "exp+1": 0.23448096215724945,
    "exp+2": 0.32635894417762756,
    "exp-1": 0.11403757333755493,
    "exp-2": 0.08422088623046875,
    "exp0": 0.162109375,
    "obs": 0.1681281825566144
  }
}