{
  "2500.0": {
    "exp+1": 0.21270513534545898,
    "exp+2": 0.29833126068115234,
    "exp-1": 0.10373297333717346,
    "exp-2": 0.07661056518554688,
    "exp0": 0.1474609375,
    "obs": 0.15388248565556356
  }
}