{
  "200.0": {
    "exp+1": 2.611199378967285,
    "exp+2": 3.6163604259490967,
    "exp-1": 1.2849068641662598,
    "exp-2": 0.95281982421875,
    "exp0": 1.8203125,
    "obs": 1.6613134097727262
  }
}