{
  "2500.0": {
    "exp+1": 0.09960471093654633,
    "exp+2": 0.1370314508676529,
    "exp-1": 0.04928693175315857,
    "exp-2": 0.036548614501953125,
    "exp0": 0.06982421875,
    "obs": 0.0884729412189658
  }
}