{
  "2000.0": {
    "exp+1": 0.23242615163326263,
    "exp+2": 0.3239789605140686,
    "exp-1": 0.11335060000419617,
    "exp-2": 0.08371353149414062,
    "exp0": 0.1611328125,
    "obs": 0.1918288485767099
  }
}