{
  "1000.0": {
    "exp+1": 0.29056882858276367,
    "exp+2": 0.39917778968811035,
    "exp-1": 0.14386987686157227,
    "exp-2": 0.10711669921875,
    "exp0": 0.203125,
    "obs": 0.23214135533186867
  }
}