{
  "2000.0": {
    "exp+1": 0.16128966212272644,
    "exp+2": 0.2248217761516571,
    "exp-1": 0.07823872566223145,
    "exp-2": 0.05809211730957031,
    "exp0": 0.11181640625,
    "obs": 0.128966110641491
  }
}