{
  "2000.0": {
    "exp+1": 0.10796314477920532,
    "exp+2": 0.14853058755397797,
    "exp-1": 0.053422898054122925,
    "exp-2": 0.039615631103515625,
    "exp0": 0.07568359375,
    "obs": 0.09571801345366009
  }
}