{
  "2000.0": {
    "exp+1": 0.1486118733882904,
    "exp+2": 0.2071501910686493,
    "exp-1": 0.07222729921340942,
    "exp-2": 0.05312347412109375,
    "exp0": 0.10302734375,
    "obs": 0.11770083128239672
  }
}