{
  "500.0": {
    "exp+1": 0.11804357916116714,
    "exp+2": 0.16216596961021423,
    "exp-1": 0.05844713747501373,
    "exp-2": 0.04351615905761719,
    "exp0": 0.08251953125,
    "obs": 0.10642403850346403
  }
}