{
  "200.0": {
    "exp+1": 0.7032307386398315,
    "exp+2": 0.977010190486908,
    "exp-1": 0.3460425138473511,
    "exp-2": 0.2566070556640625,
    "exp0": 0.490234375,
    "obs": 0.4820291241606887
  }
}