{
  "2000.0": {
    "exp+1": 0.14549119770526886,
    "exp+2": 0.20312629640102386,
    "exp-1": 0.07075825333595276,
    "exp-2": 0.052257537841796875,
    "exp0": 0.1005859375,
    "obs": 0.11500903455751516
  }
}