{
  "100.0": {
    "exp+1": 1.650346040725708,
    "exp+2": 2.25907301902771,
    "exp-1": 0.8217183351516724,
    "exp-2": 0.6118011474609375,
    "exp0": 1.16015625,
    "obs": 1.3228027072975226
  }
}