{
  "2000.0": {
    "exp+1": 0.12328694760799408,
    "exp+2": 0.17070236802101135,
    "exp-1": 0.0606837272644043,
    "exp-2": 0.045238494873046875,
    "exp0": 0.08642578125,
    "obs": 0.09806955600837859
  }
}