{
  "1000.0": {
    "exp+1": 0.2814007103443146,
    "exp+2": 0.3871378004550934,
    "exp-1": 0.13971978425979614,
    "exp-2": 0.10402679443359375,
    "exp0": 0.197265625,
    "obs": 0.22580276883299777
  }
}