{
  "2000.0": {
    "exp+1": 0.1920827478170395,
    "exp+2": 0.26387953758239746,
    "exp-1": 0.09510628879070282,
    "exp-2": 0.07081031799316406,
    "exp0": 0.13427734375,
    "obs": 0.15541844470908944
  }
}