{
  "1000.0": {
    "exp+1": 0.1211046427488327,
    "exp+2": 0.16934649646282196,
    "exp-1": 0.05873622000217438,
    "exp-2": 0.04337882995605469,
    "exp0": 0.08349609375,
    "obs": 0.09514761293675075
  }
}