{
  "200.0": {
    "exp+1": 2.106623888015747,
    "exp+2": 2.9125661849975586,
    "exp-1": 1.039506196975708,
    "exp-2": 0.770843505859375,
    "exp0": 1.47265625,
    "obs": 1.3424866817248848
  }
}