{
  "200.0": {
    "exp+1": 0.33340325951576233,
    "exp+2": 0.45637843012809753,
    "exp-1": 0.16600370407104492,
    "exp-2": 0.12359619140625,
    "exp0": 0.234375,
    "obs": 0.3183887688186829
  }
}