{
  "1500.0": {
    "exp+1": 0.14902253448963165,
    "exp+2": 0.20869822800159454,
    "exp-1": 0.07247568666934967,
    "exp-2": 0.05352592468261719,
    "exp0": 0.10302734375,
    "obs": 0.1182132059252444
  }
}