{
  "1500.0": {
    "exp+1": 0.1455761045217514,
    "exp+2": 0.20027673244476318,
    "exp-1": 0.07203474640846252,
    "exp-2": 0.053417205810546875,
    "exp0": 0.10205078125,
    "obs": 0.1337203549895775
  }
}