{
  "1000.0": {
    "exp+1": 0.5493708848953247,
    "exp+2": 0.7657684683799744,
    "exp-1": 0.2688378095626831,
    "exp-2": 0.1993560791015625,
    "exp0": 0.380859375,
    "obs": 0.3803202913930075
  }
}