{
  "1000.0": {
    "exp+1": 0.21879588067531586,
    "exp+2": 0.2994983196258545,
    "exp-1": 0.10893993079662323,
    "exp-2": 0.08111000061035156,
    "exp0": 0.15380859375,
    "obs": 0.20239830613853801
  }
}