{
  "1500.0": {
    "exp+1": 0.19223235547542572,
    "exp+2": 0.27172619104385376,
    "exp-1": 0.07981061935424805,
    "exp-2": 0.049591064453125,
    "exp0": 0.126953125,
    "obs": 0.18953990065378815
  }
}