{
  "350.0": {
    "exp+1": 2.067666530609131,
    "exp+2": 2.87264347076416,
    "exp-1": 1.0174477100372314,
    "exp-2": 0.754486083984375,
    "exp0": 1.44140625,
    "obs": 1.364683697330618
  }
}