{
  "1000.0": {
    "exp+1": 0.4636840224266052,
    "exp+2": 0.6442039012908936,
    "exp-1": 0.22816747426986694,
    "exp-2": 0.16919708251953125,
    "exp0": 0.3232421875,
    "obs": 0.3139242446832716
  }
}