{
  "1500.0": {
    "exp+1": 0.13582460582256317,
    "exp+2": 0.1868610680103302,
    "exp-1": 0.06720945239067078,
    "exp-2": 0.049839019775390625,
    "exp0": 0.09521484375,
    "obs": 0.12034882532337718
  }
}