{
  "1500.0": {
    "exp+1": 0.27045950293540955,
    "exp+2": 0.37699371576309204,
    "exp-1": 0.13165283203125,
    "exp-2": 0.09814453125,
    "exp0": 0.1875,
    "obs": 0.19112955219930278
  }
}