{
  "2000.0": {
    "exp+1": 0.12189387530088425,
    "exp+2": 0.16877353191375732,
    "exp-1": 0.0599980354309082,
    "exp-2": 0.044727325439453125,
    "exp0": 0.08544921875,
    "obs": 0.09656715539600452
  }
}