{
  "2500.0": {
    "exp+1": 0.1119871437549591,
    "exp+2": 0.15415997803211212,
    "exp-1": 0.05498872697353363,
    "exp-2": 0.04094123840332031,
    "exp0": 0.07763671875,
    "obs": 0.08938884448495042
  }
}