{
  "2000.0": {
    "exp+1": 0.23172181844711304,
    "exp+2": 0.3240002393722534,
    "exp-1": 0.11300711333751678,
    "exp-2": 0.08345985412597656,
    "exp0": 0.16064453125,
    "obs": 0.16498361928057453
  }
}