{
  "500.0": {
    "exp+1": 0.410956472158432,
    "exp+2": 0.565374493598938,
    "exp-1": 0.20511001348495483,
    "exp-2": 0.15192031860351562,
    "exp0": 0.2880859375,
    "obs": 0.37196976204497223
  }
}