{
  "200.0": {
    "exp+1": 1.124853491783142,
    "exp+2": 1.5419442653656006,
    "exp-1": 0.5616458654403687,
    "exp-2": 0.4181671142578125,
    "exp0": 0.79296875,
    "obs": 0.915144677932644
  }
}