{
  "1000.0": {
    "exp+1": 0.3390076458454132,
    "exp+2": 0.4709889590740204,
    "exp-1": 0.166817307472229,
    "exp-2": 0.1237030029296875,
    "exp0": 0.236328125,
    "obs": 0.2840972528568122
  }
}