{
  "1000.0": {
    "exp+1": 0.09946092218160629,
    "exp+2": 0.13731256127357483,
    "exp-1": 0.04894226789474487,
    "exp-2": 0.03629302978515625,
    "exp0": 0.0693359375,
    "obs": 0.07930550529719615
  }
}