{
  "2000.0": {
    "exp+1": 0.12257508188486099,
    "exp+2": 0.16922323405742645,
    "exp-1": 0.06031617522239685,
    "exp-2": 0.044727325439453125,
    "exp0": 0.08544921875,
    "obs": 0.09770128628798375
  }
}