{
  "800.0": {
    "exp+1": 0.36637815833091736,
    "exp+2": 0.5008065104484558,
    "exp-1": 0.1819123923778534,
    "exp-2": 0.13544082641601562,
    "exp0": 0.2568359375,
    "obs": 0.28991467964026074
  }
}