{
  "1500.0": {
    "exp+1": 0.32064566016197205,
    "exp+2": 0.44628605246543884,
    "exp-1": 0.15647739171981812,
    "exp-2": 0.11603546142578125,
    "exp0": 0.2216796875,
    "obs": 0.22190985490363108
  }
}