{
  "500.0": {
    "exp+1": 1.5521507263183594,
    "exp+2": 2.156428813934326,
    "exp-1": 0.763775110244751,
    "exp-2": 0.566375732421875,
    "exp0": 1.08203125,
    "obs": 1.0218182230532733
  }
}