{
  "800.0": {
    "exp+1": 0.44127029180526733,
    "exp+2": 0.611133873462677,
    "exp-1": 0.21713823080062866,
    "exp-2": 0.16101837158203125,
    "exp0": 0.3076171875,
    "obs": 0.37097797736638527
  }
}