{
  "100.0": {
    "exp+1": 3.1939563751220703,
    "exp+2": 4.409473896026611,
    "exp-1": 1.571667194366455,
    "exp-2": 1.16546630859375,
    "exp0": 2.2265625,
    "obs": 2.093309442069356
  }
}