{
  "300.0": {
    "exp+1": 0.6798195242881775,
    "exp+2": 0.9292531609535217,
    "exp-1": 0.337540864944458,
    "exp-2": 0.251312255859375,
    "exp0": 0.4765625,
    "obs": 0.5495301593421544
  }
}