{
  "1500.0": {
    "exp+1": 0.1463896632194519,
    "exp+2": 0.20210087299346924,
    "exp-1": 0.07241469621658325,
    "exp-2": 0.053417205810546875,
    "exp0": 0.10205078125,
    "obs": 0.1168189482009265
  }
}