{
  "1500.0": {
    "exp+1": 0.23067884147167206,
    "exp+2": 0.32697993516921997,
    "exp-1": 0.09506607055664062,
    "exp-2": 0.05712890625,
    "exp0": 0.15234375,
    "obs": 0.17831468235776976
  }
}