{
  "1500.0": {
    "exp+1": 0.1232755109667778,
    "exp+2": 0.1701902151107788,
    "exp-1": 0.06066083908081055,
    "exp-2": 0.04498291015625,
    "exp0": 0.0859375,
    "obs": 0.0980368746127778
  }
}