{
  "1000.0": {
    "exp+1": 0.22916048765182495,
    "exp+2": 0.3152681589126587,
    "exp-1": 0.11339440941810608,
    "exp-2": 0.08408737182617188,
    "exp0": 0.16064453125,
    "obs": 0.18063538729525702
  }
}