{
  "200.0": {
    "exp+1": 1.036446213722229,
    "exp+2": 1.416730284690857,
    "exp-1": 0.5146114826202393,
    "exp-2": 0.383148193359375,
    "exp0": 0.7265625,
    "obs": 0.7971191496514991
  }
}