{
  "500.0": {
    "exp+1": 0.7231201529502869,
    "exp+2": 0.9847889542579651,
    "exp-1": 0.3622870445251465,
    "exp-2": 0.27081298828125,
    "exp0": 0.509765625,
    "obs": 0.7049484789406633
  }
}