{
  "500.0": {
    "exp+1": 0.16314789652824402,
    "exp+2": 0.22777755558490753,
    "exp-1": 0.07934542000293732,
    "exp-2": 0.05859947204589844,
    "exp0": 0.11279296875,
    "obs": 0.13051962240346676
  }
}