{
  "1500.0": {
    "exp+1": 0.1323419213294983,
    "exp+2": 0.18206976354122162,
    "exp-1": 0.0654861330986023,
    "exp-2": 0.04856109619140625,
    "exp0": 0.0927734375,
    "obs": 0.11503072871049763
  }
}