{
  "1000.0": {
    "exp+1": 0.18875820934772491,
    "exp+2": 0.2647443115711212,
    "exp-1": 0.09205442667007446,
    "exp-2": 0.06798553466796875,
    "exp0": 0.130859375,
    "obs": 0.13740710019033983
  }
}