{
  "100.0": {
    "exp+1": 1.9892184734344482,
    "exp+2": 2.7636542320251465,
    "exp-1": 0.9788453578948975,
    "exp-2": 0.725860595703125,
    "exp0": 1.38671875,
    "obs": 1.7130474063111485
  }
}