{
  "100.0": {
    "exp+1": 2.017235517501831,
    "exp+2": 2.802578926086426,
    "exp-1": 0.9926319122314453,
    "exp-2": 0.736083984375,
    "exp0": 1.40625,
    "obs": 1.7816568177377303
  }
}