{
  "500.0": {
    "exp+1": 0.9777989387512207,
    "exp+2": 1.3584723472595215,
    "exp-1": 0.48115074634552,
    "exp-2": 0.3567962646484375,
    "exp0": 0.681640625,
    "obs": 0.8390807876898587
  }
}