{
  "1000.0": {
    "exp+1": 0.09643001854419708,
    "exp+2": 0.14177295565605164,
    "exp-1": 0.03275871276855469,
    "exp-2": 0.0201416015625,
    "exp0": 0.05859375,
    "obs": 0.07471743275951935
  }
}