{
  "650.0": {
    "exp+1": 1.0449302196502686,
    "exp+2": 1.4446947574615479,
    "exp-1": 0.5156171321868896,
    "exp-2": 0.382354736328125,
    "exp0": 0.73046875,
    "obs": 0.6745725068852626
  }
}