{
  "200.0": {
    "exp+1": 1.3560305833816528,
    "exp+2": 1.872092366218567,
    "exp-1": 0.667269229888916,
    "exp-2": 0.49481201171875,
    "exp0": 0.9453125,
    "obs": 1.1888543851569495
  }
}