{
  "2000.0": {
    "exp+1": 0.10576478391885757,
    "exp+2": 0.14555281400680542,
    "exp-1": 0.05222199857234955,
    "exp-2": 0.03888130187988281,
    "exp0": 0.07373046875,
    "obs": 0.09498145258600668
  }
}