{
  "2000.0": {
    "exp+1": 0.16438259184360504,
    "exp+2": 0.2261497974395752,
    "exp-1": 0.08161848783493042,
    "exp-2": 0.06076812744140625,
    "exp0": 0.115234375,
    "obs": 0.15574258992971185
  }
}