{
  "500.0": {
    "exp+1": 0.8062373995780945,
    "exp+2": 1.1051867008209229,
    "exp-1": 0.40255898237228394,
    "exp-2": 0.29972076416015625,
    "exp0": 0.568359375,
    "obs": 0.6404424017990817
  }
}