{
  "1500.0": {
    "exp+1": 0.17396745085716248,
    "exp+2": 0.24249334633350372,
    "exp-1": 0.08484120666980743,
    "exp-2": 0.06265830993652344,
    "exp0": 0.12060546875,
    "obs": 0.13879023300970156
  }
}