{
  "1500.0": {
    "exp+1": 0.17868579924106598,
    "exp+2": 0.24947066605091095,
    "exp-1": 0.08719995617866516,
    "exp-2": 0.06466293334960938,
    "exp0": 0.12353515625,
    "obs": 0.1431096197212332
  }
}