{
  "100.0": {
    "exp+1": 1.6884043216705322,
    "exp+2": 2.307899236679077,
    "exp-1": 0.8383187055587769,
    "exp-2": 0.6241607666015625,
    "exp0": 1.18359375,
    "obs": 1.397160293541396
  }
}