{
  "800.0": {
    "exp+1": 0.30891913175582886,
    "exp+2": 0.42346498370170593,
    "exp-1": 0.15424510836601257,
    "exp-2": 0.11484146118164062,
    "exp0": 0.2177734375,
    "obs": 0.2966792693700916
  }
}