{
  "350.0": {
    "exp+1": 1.103313684463501,
    "exp+2": 1.5178868770599365,
    "exp-1": 0.5478122234344482,
    "exp-2": 0.407867431640625,
    "exp0": 0.7734375,
    "obs": 0.869278809340048
  }
}