{
  "1000.0": {
    "exp+1": 0.27750274538993835,
    "exp+2": 0.38561007380485535,
    "exp-1": 0.13579756021499634,
    "exp-2": 0.10070037841796875,
    "exp0": 0.1923828125,
    "obs": 0.22445188652051123
  }
}