{
  "500.0": {
    "exp+1": 0.9721955060958862,
    "exp+2": 1.342181921005249,
    "exp-1": 0.47839343547821045,
    "exp-2": 0.3547515869140625,
    "exp0": 0.677734375,
    "obs": 0.823051039836108
  }
}