{
  "1500.0": {
    "exp+1": 0.20579597353935242,
    "exp+2": 0.2872864902019501,
    "exp-1": 0.10064159333705902,
    "exp-2": 0.07432746887207031,
    "exp0": 0.14306640625,
    "obs": 0.16553088404229566
  }
}