{
  "1500.0": {
    "exp+1": 0.27961570024490356,
    "exp+2": 0.38975653052330017,
    "exp-1": 0.13636420667171478,
    "exp-2": 0.10070991516113281,
    "exp0": 0.19384765625,
    "obs": 0.2002695187423874
  }
}