{
  "1500.0": {
    "exp+1": 0.16973130404949188,
    "exp+2": 0.2339199334383011,
    "exp-1": 0.08403937518596649,
    "exp-2": 0.06257057189941406,
    "exp0": 0.11865234375,
    "obs": 0.13452849829213487
  }
}