{
  "200.0": {
    "exp+1": 1.3763560056686401,
    "exp+2": 1.8813568353652954,
    "exp-1": 0.6833819150924683,
    "exp-2": 0.5088043212890625,
    "exp0": 0.96484375,
    "obs": 1.0932158593749386
  }
}