{
  "100.0": {
    "exp+1": 3.0792136192321777,
    "exp+2": 4.271714210510254,
    "exp-1": 1.5110063552856445,
    "exp-2": 1.1204833984375,
    "exp0": 2.140625,
    "obs": 1.9685660753994227
  }
}