{
  "1500.0": {
    "exp+1": 0.14737986028194427,
    "exp+2": 0.20376375317573547,
    "exp-1": 0.07272407412528992,
    "exp-2": 0.053928375244140625,
    "exp0": 0.10302734375,
    "obs": 0.1184024800950609
  }
}