{
  "500.0": {
    "exp+1": 0.4416040778160095,
    "exp+2": 0.6075380444526672,
    "exp-1": 0.2192632257938385,
    "exp-2": 0.16324996948242188,
    "exp0": 0.3095703125,
    "obs": 0.34906828345020435
  }
}