{
  "650.0": {
    "exp+1": 0.6640067100524902,
    "exp+2": 0.916706383228302,
    "exp-1": 0.3267413377761841,
    "exp-2": 0.2422943115234375,
    "exp0": 0.462890625,
    "obs": 0.5696464049431914
  }
}