{
  "500.0": {
    "exp+1": 0.13518279790878296,
    "exp+2": 0.1866290420293808,
    "exp-1": 0.06652012467384338,
    "exp-2": 0.049327850341796875,
    "exp0": 0.09423828125,
    "obs": 0.10760346300300157
  }
}