{
  "300.0": {
    "exp+1": 1.2755136489868164,
    "exp+2": 1.7694875001907349,
    "exp-1": 0.6259095668792725,
    "exp-2": 0.464141845703125,
    "exp0": 0.88671875,
    "obs": 0.8314810984092265
  }
}