{
  "200.0": {
    "exp+1": 0.3757837116718292,
    "exp+2": 0.5162443518638611,
    "exp-1": 0.1870325207710266,
    "exp-2": 0.13853073120117188,
    "exp0": 0.2626953125,
    "obs": 0.30379230058529266
  }
}