{
  "350.0": {
    "exp+1": 1.3353939056396484,
    "exp+2": 1.8498457670211792,
    "exp-1": 0.6534826755523682,
    "exp-2": 0.484588623046875,
    "exp0": 0.92578125,
    "obs": 1.1020740472326482
  }
}