{
  "2000.0": {
    "exp+1": 0.13308151066303253,
    "exp+2": 0.18372806906700134,
    "exp-1": 0.0654861330986023,
    "exp-2": 0.04856109619140625,
    "exp0": 0.0927734375,
    "obs": 0.1057278181036374
  }
}